{
  "optimized_hybrid_predictor": {
    "status": "success",
    "execution_data": {
      "successful_runs": 5,
      "total_iterations": 5,
      "execution_times": [
        1.547098159790039,
        0.5099773406982422,
        1.0399818420410156,
        0.5071163177490234,
        0.5145072937011719
      ],
      "average_time": 0.8237361907958984,
      "min_time": 0.5071163177490234,
      "max_time": 1.547098159790039,
      "errors": []
    },
    "database_data": {
      "current_score": null,
      "db_avg_execution_time": null,
      "total_executions": null
    }
  },
  "quantum_neuroplasticity_resonance_predictor": {
    "status": "success",
    "execution_data": {
      "successful_runs": 5,
      "total_iterations": 5,
      "execution_times": [
        7.507562637329102,
        8.007049560546875,
        7.510662078857422,
        7.508039474487305,
        7.060050964355469
      ],
      "average_time": 7.518672943115234,
      "min_time": 7.060050964355469,
      "max_time": 8.007049560546875,
      "errors": []
    },
    "database_data": {
      "current_score": 30.0,
      "db_avg_execution_time": 6792.459453855242,
      "total_executions": 14
    }
  },
  "recurrence_quantification_analysis_prediction": {
    "status": "success",
    "execution_data": {
      "successful_runs": 5,
      "total_iterations": 5,
      "execution_times": [
        16.54958724975586,
        16.007184982299805,
        16.007423400878906,
        15.512466430664062,
        16.019582748413086
      ],
      "average_time": 16.019248962402344,
      "min_time": 15.512466430664062,
      "max_time": 16.54958724975586,
      "errors": []
    },
    "database_data": {
      "current_score": 10.0,
      "db_avg_execution_time": 11181.40288761684,
      "total_executions": 14
    }
  },
  "seasonal_trend_prediction": {
    "status": "success",
    "execution_data": {
      "successful_runs": 5,
      "total_iterations": 5,
      "execution_times": [
        2.999544143676758,
        2.5053024291992188,
        0.9992122650146484,
        3.5047531127929688,
        1.9996166229248047
      ],
      "average_time": 2.4016857147216797,
      "min_time": 0.9992122650146484,
      "max_time": 3.5047531127929688,
      "errors": []
    },
    "database_data": {
      "current_score": 10.0,
      "db_avg_execution_time": 3.5383871623447964,
      "total_executions": 14
    }
  },
  "advanced_ensemble_prediction": {
    "status": "success",
    "execution_data": {
      "successful_runs": 5,
      "total_iterations": 5,
      "execution_times": [
        67.26336479187012,
        48.50459098815918,
        63.09008598327637,
        48.49720001220703,
        60.863494873046875
      ],
      "average_time": 57.643747329711914,
      "min_time": 48.49720001220703,
      "max_time": 67.26336479187012,
      "errors": []
    },
    "database_data": {
      "current_score": null,
      "db_avg_execution_time": null,
      "total_executions": null
    }
  }
}